[
    {   
        "id": 1,
        "name": "1/2 Kg. de Helado",
        "desc": "3 sabores a elección",
        "discount_percent": 1.10,
        "price": 300.00,
        "img": "assets/images/prod1.jpg",
        "flavors": true,
        "max_flavors": 3
    },
    {   
        "id": 2,
        "name": "1/4 Kg. de Helado",
        "desc": "2 sabores a elección",
        "discount_percent": 1.10,
        "price": 180.00,
        "img": "assets/images/prod1.jpg",
        "flavors": true,
        "max_flavors": 2
    },
    {   
        "id": 3,
        "name": "1 Kg. de Helado",
        "desc": "4 sabores a elección",
        "discount_percent": 1.10,
        "price": 500.00,
        "img": "assets/images/prod2.jpg",
        "flavors": true,
        "max_flavors": 4
    },
    {   
        "id": 4,
        "name": "Cono",
        "desc": "2 sabores a elección",
        "discount_percent": 1.10,
        "price": 150.00,
        "img": "assets/images/cone.jpg",
        "flavors": true,
        "max_flavors": 2
    },
    {   
        "id": 5,
        "name": "Postrecito de chocolate",
        "desc": "Crema y chocolate",
        "discount_percent": 1.10,
        "price": 200.00,
        "img": "assets/images/cream-chocolate.jpg",
        "flavors": false,
        "max_flavors": null
    },
    {   
        "id": 6,
        "name": "Postre helado con frutos y semillas",
        "desc": "Crema y chocolate",
        "discount_percent": 1.10,
        "price": 200.00,
        "img": "assets/images/icecream-4.jpg",
        "flavors": false,
        "max_flavors": null
    },
    {   
        "id": 7,
        "name": "Postre helado de vainilla con sprinkles",
        "desc": "Sabor vainilla",
        "discount_percent": 1.10,
        "price": 250.00,
        "img": "assets/images/vanilla-sprinkles.jpg",
        "flavors": false,
        "max_flavors": null
    },
    {   
        "id": 8,
        "name": "Torta helada",
        "desc": "Porción de torta helada",
        "discount_percent": 1.10,
        "price": 200.00,
        "img": "assets/images/cake.jpg",
        "flavors": false,
        "max_flavors": null
    },
    {   
        "id": 9,
        "name": "Paleta helada",
        "desc": "Paleta helada con frutos del bosque",
        "discount_percent": 1.10,
        "price": 100.00,
        "img": "assets/images/icecream-5.jpg",
        "flavors": false,
        "max_flavors": null
    }
]