[
    {
        "id": 1,
        "name":"Ananá"
    },
    {
        "id": 2,
        "name":"Banana"
    },
    {
        "id": 3,
        "name":"Banana split"
    },
    {
        "id": 4,
        "name":"Crema americana"
    },
    {
        "id": 5,
        "name":"Crema rusa"
    },
    {
        "id": 6,
        "name":"Chocolate"
    },
    {
        "id": 7,
        "name":"Durazno"
    },
    {
        "id": 8,
        "name":"Dulce de leche"
    },
    {
        "id": 9,
        "name":"Frutilla"
    },
    {
        "id": 10,
        "name":"Granizado"
    },
    {
        "id": 11,
        "name":"Mousse de limón"
    },
    {
        "id": 12,
        "name":"Sambayón"
    },
    {
        "id": 13,
        "name":"Tramontana"
    },
    {
        "id": 14,
        "name":"Vainilla"
    }
]